{"Radius (m)": [6371000, 6321000, 6271000, 6221000, 6171000, 6121000, 6071000, 6021000, 5971000, 5921000, 5871000, 5821000, 5771000, 5721000, 5671000, 5621000, 5571000, 5521000, 5471000, 5421000, 5371000, 5321000, 5271000, 5221000, 5171000, 5121000, 5071000, 5021000, 4971000, 4921000, 4871000, 4821000, 4771000, 4721000, 4671000, 4621000, 4571000, 4521000, 4471000, 4421000, 4371000, 4321000, 4271000, 4221000, 4171000, 4121000, 4071000, 4021000, 3971000, 3921000, 3871000, 3821000, 3771000, 3721000, 3671000, 3621000, 3571000, 3521000, 3481000], "alpha": [4.29576e-05, 4.0576e-05, 3.52372e-05, 3.20588e-05, 2.95737e-05, 2.74613e-05, 2.56881e-05, 2.4883e-05, 2.30687e-05, 2.32865e-05, 2.22601e-05, 1.97443e-05, 1.88445e-05, 1.88097e-05, 2.44851e-05, 2.44306e-05, 2.45867e-05, 2.39193e-05, 2.32945e-05, 2.27045e-05, 2.2143e-05, 2.16085e-05, 2.11033e-05, 2.06253e-05, 2.01661e-05, 1.97265e-05, 1.93085e-05, 1.89112e-05, 1.85274e-05, 1.81582e-05, 1.7806e-05, 1.74696e-05, 1.71435e-05, 1.68283e-05, 1.65266e-05, 1.62375e-05, 1.59553e-05, 1.56831e-05, 1.54213e-05, 1.51696e-05, 1.49235e-05, 1.4684e-05, 1.44538e-05, 1.42319e-05, 1.40141e-05, 1.38013e-05, 1.35964e-05, 1.33989e-05, 1.32043e-05, 1.30135e-05, 1.28295e-05, 1.26515e-05, 1.31767e-05, 1.49919e-05, 1.4784e-05, 1.4581e-05, 1.438e-05, 1.41842e-05, 1.39948e-05]}
