{"Radius (m)": [6371000, 6321000, 6271000, 6221000, 6171000, 6121000, 6071000, 6021000, 5971000, 5921000, 5871000, 5821000, 5771000, 5721000, 5671000, 5621000, 5571000, 5521000, 5471000, 5421000, 5371000, 5321000, 5271000, 5221000, 5171000, 5121000, 5071000, 5021000, 4971000, 4921000, 4871000, 4821000, 4771000, 4721000, 4671000, 4621000, 4571000, 4521000, 4471000, 4421000, 4371000, 4321000, 4271000, 4221000, 4171000, 4121000, 4071000, 4021000, 3971000, 3921000, 3871000, 3821000, 3771000, 3721000, 3671000, 3621000, 3571000, 3521000, 3471000], "Cp": [1256.864543719391, 1250.9209674998126, 1240.854123935682, 1234.2031384058305, 1228.7079585517042, 1224.0235696994982, 1220.2123614247182, 1219.6892294290712, 1215.298097742049, 1222.6516292416018, 1220.040103037154, 1211.5964526628222, 1209.6497877300874, 1212.3363850959515, 1245.8206675093252, 1247.5255409795186, 1250.2689338184014, 1248.310017907147, 1246.4859232314664, 1244.759003690083, 1243.113179069995, 1241.5416800203259, 1240.0511960777112, 1238.6540557258857, 1237.3005388143795, 1235.996748645821, 1234.7668099887533, 1233.5907622949317, 1232.4527942511481, 1231.3552856174902, 1230.3071486198055, 1229.3140358143048, 1228.3415780985047, 1227.4003235977132, 1226.49209729654, 1225.6362079387843, 1224.7801741996543, 1223.958402684747, 1223.171038067053, 1222.419139429639, 1221.6676864239523, 1220.9384289012944, 1220.2341836358298, 1219.5589351305493, 1218.8958992232697, 1218.235310890281, 1217.6009313322838, 1216.997855229602, 1216.3995557627754, 1215.7900458143124, 1215.2174311767444, 1214.6631114559116, 1218.7530331390508, 1231.226287973882, 1230.4966342460425, 1229.7694142651999, 1229.0472922322424, 1228.3415971052013, 1227.6526837369959]}