{"Radius (m)": [6371000, 6321000, 6271000, 6221000, 6171000, 6121000, 6071000, 6021000, 5971000, 5921000, 5871000, 5821000, 5771000, 5721000, 5671000, 5621000, 5571000, 5521000, 5471000, 5421000, 5371000, 5321000, 5271000, 5221000, 5171000, 5121000, 5071000, 5021000, 4971000, 4921000, 4871000, 4821000, 4771000, 4721000, 4671000, 4621000, 4571000, 4521000, 4471000, 4421000, 4371000, 4321000, 4271000, 4221000, 4171000, 4121000, 4071000, 4021000, 3971000, 3921000, 3871000, 3821000, 3771000, 3721000, 3671000, 3621000, 3571000, 3521000, 3481000], "gamma": [0.984742, 1.00568, 0.998796, 0.978875, 0.955117, 0.933042, 0.915348, 0.930439, 0.906504, 1.03914, 1.02376, 0.962785, 0.948802, 0.978241, 1.32832, 1.36876, 1.42548, 1.41565, 1.40635, 1.3973, 1.38865, 1.38031, 1.3723, 1.36462, 1.35716, 1.34996, 1.34299, 1.33629, 1.32974, 1.32335, 1.3172, 1.31125, 1.30543, 1.29973, 1.29423, 1.2889, 1.28353, 1.27846, 1.27349, 1.26866, 1.26386, 1.25913, 1.25459, 1.25015, 1.24575, 1.24139, 1.2372, 1.23317, 1.2291, 1.22502, 1.22112, 1.21729, 1.25899, 1.37525, 1.37048, 1.36573, 1.36104, 1.35641, 1.35188]}
